patron_id,first_name,last_name,address,phone_number,age
1,Arjuna,Bazaz,111 Main Street,123-456-7891,21
2,JT,Torres,112 Main Street,198-765-4321,20
3,Arjun,Baazaz,112 Main Street,123-457-6890,34
4,Olivia,Smith,421 Cherry St,123-456-7834,24
5,Liam,Johnson,58 Ridge Road,456-789-1234,30
6,Emma,Williams,89 Willow Avenue,321-654-9870,22
7,Noah,Brown,14 Cedar Blvd,555-123-4567,35
8,Ava,Jones,765 Maple Drive,212-867-5309,27
9,William,Garcia,93 Spruce Court,999-111-2222,21
10,Sophia,Miller,780 Oak Terrace,333-444-5555,40
11,James,Davis,500 Birch Lane,888-777-6666,31
12,Isabella,Martinez,120 Elm Circle,101-202-3030,29
13,Benjamin,Rodriguez,67 Poplar Ave,303-404-5050,45
14,Mia,Hernandez,442 Redwood Dr,404-505-6060,33
15,Elijah,Lopez,10 Pine Hollow,505-606-7070,20
16,Amelia,Gonzalez,981 Walnut St,606-707-8080,26
17,Lucas,Wilson,15 Beechwood Rd,707-808-9090,39
18,Harper,Anderson,217 Laurel Ln,808-909-0000,28
19,Henry,Thomas,390 Magnolia Ct,909-000-1111,38
20,Evelyn,Taylor,821 Fir Street,000-111-2222,34
21,Alexander,Moore,32 Aspen Grove,111-222-3333,23
22,Abigail,Jackson,18 Larch Way,222-333-4434,41
23,Daniel,Martin,403 Forest Ave,333-444-5658,36
24,Ella,Lee,204 Hickory Lane,444-555-6666,25
25,Logan,Perez,155 Ironwood Cir,555-666-7777,37
26,Scarlett,White,382 Palm Ct,666-777-8888,30
27,Jackson,Harris,129 Locust Dr,777-888-9999,32
28,Grace,Clark,748 Sequoia Pl,888-999-0110,43
29,Sebastian,Lewis,909 Maplewood Ave,999-000-1191,35
30,Chloe,Robinson,305 Redwood Circle,101-010-1010,29
31,Jack,Walker,601 Hemlock Path,202-020-2020,19
32,Lily,Young,213 Sycamore Blvd,303-040-3030,42
33,Owen,Hall,194 Pine Needle Rd,404-040-4040,26